{"cameraMode":{"drawMode":0,"name":"Shaded","section":"Shading Mode"},"sceneLighting":false,"audioPlay":false,"sceneViewState":{"showFog":true,"showMaterialUpdate":false,"showSkybox":true,"showFlares":true,"showImageEffects":true,"showParticleSystems":true},"in2DMode":false,"pivot":{"x":0.7239999771118164,"y":0.5622447729110718,"z":8.993000030517579},"rotation":{"x":-0.15484358370304109,"y":-0.34225204586982729,"z":0.05997944623231888,"w":-0.9248186945915222},"size":3.249593734741211,"orthographic":false}